1608680,ALDI,1305 NORTH RUSSELL ST,MARION ,IL,62959,618-993-6676
1608681,ALDI,787 MAPLE VALLEY DR,FARMINGTON,MO,63640,573-760-0722
1608682,ALDI,#60 FENTON PLAZA,FENTON,MO ,63026,636-660-0111
1608683,ALDI,1505 HERITAGE HILLS DR,WASHINGTON ,MO,63090,636-239-0971
1608684,ALDI,10800 BELLEFONTAINE RD,BELLEFONTAINE,MO,63137,314-868-8931
1608685,ALDI,464 HAWK RIDGE TRAIL,LAKE ST. LOUIS,MO,63367,636-625-1477
1608686,ALDI,1708 NORTH ILLINOIS,SWANSEA,IL,62226,618-222-2832
1608687,ALDI,2154 MICHIGAN AVE,ARNOLD ,MO ,63010,636-287-9836
1608688,ALDI,700 SOUTH TRUMAN BLVD,CRYSTAL CITY,MO,63019,636-933-4228
1608689,ALDI,1635 WEST US HWY 50,O'FALLON,IL,62269,618-206-2516
1608690,ALDI,320 PARK RIDGE RD,SULLIVAN,MO,63080,573-468-6065
1608691,ALDI,6601 GRAVOIS,ST. LOUIS,MO,63116,314-752-1012
1608692,ALDI,14654 MANCHESTER,BALLWIN,MO,63011,636-527-0613
1608693,ALDI,2822 HOMER ADAMS PARKWAY,ALTON ,IL,62002,618-208-3428
1608694,ALDI,8615 VETERANS MEMORIAL DR,O'FALLON,MO,63366,636-281-4300
1608695,ALDI,1033 LEMAY FERRY RD,LEMAY,MO,63125,314-544-7983
1608696,ALDI,1412 SCHAEFFER RD,GRANITE CITY,IL,62040,618-876-7278
1608697,ALDI,11745 OLIVE BLVD,CREVE COEUR,MO,63141,314-567-7014
1608698,ALDI,1335 BASS PRO DR,SAINT CHARLES,MO,63301,636-669-5023
1608699,ALDI,343 MID RIVERS DRIVE,ST. PETERS,MO,63376,636-278-8420
1608700,ALDI,2505 NORTH HIGHWAY 67,FLORISSANT,MO,63033,314-447-0267
1608701,ALDI,1233 CAMP JACKSON RD,CAHOKIA,IL,62206,618-332-0156
1608702,ALDI,#6 THE PLAZA,TROY,MO,63379,636-528-5366
1608703,ALDI,1250 NORTH MARKET ST,SPARTA ,IL,62286,618-443-4983
1608704,ALDI,11296 WEST FLORISSANT,FLORISSANT,MO,63033,314-447-0161
1608705,ALDI,12290 ST. CHARLES ROCK ROAD,BRIDGETON,MO,63044,314-447-0144
1608706,ALDI,21 ADAMS AVE ,FERGUSON,MO,63135,314-522-0478
1608707,ALDI,1232 EAST MAIN,CARBONDALE ,IL,62901,618-457-7010
1608708,ALDI,12145 MANCHESTER RD,DES PERES,MO,63131,314-965-1866
1608710,ALDI,7701 OLIVE BLVD,UNIVERSITY CITY,MO,63130,314-678-2981
1608711,ALDI,9274 WATSON RD,CRFESTWOOD,MO,63126,314-729-0039
1608712,ALDI,1665 JUNGERMANN,SAINT CHARLES,MO,63304,636-922-2030
1608713,ALDI,7725 MANCHESTER RD,MAPLEWOOD,MO,63143,314-645-6567
1608714,ALDI,3616 NATURAL BRIDGE,ST. LOUIS,MO,63107,314-678-1095
1608715,ALDI,300 THF BLVD,CHESTERFIELD,MO,63005,636-536-6429
1608716,ALDI,16 COTTONWOOD RD,GLEN CARBON,IL,62034,618-288-1501
1608717,ALDI,1716 VANDALIA ST,COLLINSVILLE,IL,62234,618-345-8269
1608718,ALDI,702 KINGSHIGHWAY,ST. LOUIS,MO,63108,314-367-2023
1608719,ALDI,8445 LUCAS AND HUNT RD,SAINT LOUIS,MO,63136,314-678-3440
1608720,ALDI,11185 SOUTH TOWNE SQUARE,SAINT LOUIS,MO,63123,314-416-1848
1608721,ALDI,3865 GRAVOIS,ST. LOUIS,MO,63116,314-664-5303
1608722,ALDI,399 WESLEY DR,WOOD RIVER,IL,62095,618-258-7296
1608723,ALDI,531 ANWIJO WAY,WARRENTON,MO,63383,636-456-3391
1608743,ALDI,7369 WATSON RD,SHREWSBURY,MO,63119,314-918-1346
1608794,ALDI,150 CROSSROADS DR,WENTZVILLE,MO,63385,636-639-8061
1608803,ALDI,10680 ST. CHARLES ROCK RD,ST. ANN,MO,63074,314-427-2276
1608948,ALDI,5925 N ILLINOIS ST,FAIRVIEW HEIGHTS,IL,62208,618-235-5798
1608970,ALDI,1125 S KIRKWOOD RD,KIRKWOOD,MO,63122,314-984-9971
1608971,ALDI,15907 MANCHESTER RD,ELLISVILLE,MO,63011,314-984-9971
16473,WALMART,1202 S KIRKWOOD RD,KIRKWOOD,MO,63122,314-835-9406
1001021,WALMART,500 WARREN COUNTY CENTER,WARRENTON,MO,63383,636-456-4600
1001188,WALMART,11900 ST CHARLES ROCK RD,BRIDGETON,MO,63044,314-291-2300
1001265,WALMART,10741 WEST FLORISSANT AVE,ST LOUIS,MO,63136,314-521-3422
100145,WALMART,3 TOWN CENTER DRIVE,BOWLING GREEN,MO,63334,573-324-0040
100152,WALMART,12862 STATE ROAD 21,DESOTO,MO,63020,636-586-6878
100172,WALMART,1701 A TROY DRIVE,WASHINGTON,MO,63090,636-239-1993
100173,WALMART,1 MEMORIAL DRIVE,POTOSI,MO,63664,573-438-5441
100196,WALMART,1450 EAST MAIN,CARBONDALE,IL,62901,618-437-2033
1002213,WALMART,3270 TELEGRAPH ROAD,ST LOUIS,MO,63125,314-845-8544
100243,WALMART,1971 WENTZVILLE PKWY,WENTZVILLE,MO,63385,636-239-1993
1002600,WALMART,100 THF BLVD,CHESTERFIELD,MO,63005,636-536-4601
100262,WALMART,919 GIACONE DRIVE,BENTON,IL,62812,618-439-9453
100295,WALMART,131 EUREKA TWIN CENTER DR,EUREKA,MO,63025,636-587-9836
100313,WALMART,2700 RIDGE POINT DR,HIGH RIDGE,MO,63049,636-375-3201
100354,WALMART,1888 HWY 28 EAST,OWENSVILLE,MO,65066,573-437-4156
10037,WALMART,101 HWY 47 EAST,TROY,MO,63379,636-528-8901
100377,WALMART,701 WALTON DRIVE,FARMINGTON,MO,63640,573-756-8448
100436,WALMART,2591 12TH STREET,CARLYLE,IL,62231,618-594-2465
1004695,WALMART,6660 GODFREY RD,GODFREY,IL,62035,618-433-3008
1005313,WALMART,6100 RONALD REAGAN DRIVE,LAKE ST LOUIS,MO,63367,636-625-2101
100648,WALMART,1661 JUNGERMAN ROAD,ST PETERS,MO,63304,636-447-4450
10065,WALMART,350 PARKRIDGE ROAD,SULLIVAN,MO,63080,573-468-7030
100653,WALMART,653 GRAVOIS BLUFF BLVD,FENTON,MO,63026,636-349-3116
10069,WALMART,650 SOUTH TRUMAN BLVD,FESTUS,MO,63028,636-937-8441
10095,WALMART,407 NORTH STATE STREET,DESLOGE,MO,63601,573-431-5094
101071,WALMART,610 WESLEY HIGHWAY 50,WOOD RIVER,IL,62095,618-259-0290
101418,WALMART,1530 WEST HIGHWAY 50,O'FALLON,IL,62269,618-632-9066
101514,WALMART,2201 MICHIGAN AVE,ARNOLD,MO,63010,636-282-0297
10201,WALMART,2608 GREEN MOUNT COMMONS  DR,BELLEVILLE,IL,62221,618-236-2200
10253,WALMART,1316 SOUTH STATE STREET,JERSEYVILLE,IL,62052,618-498-7744
10256,WALMART,400 JUNCTION DR,GLEN CARBON,IL,62034,618-692-0550
102616,WALMART,1307 HIGHWAY K,O'FALLON,MO,63366,636-980-3700
10328,WALMART,961 NORTH MARKET STREET,WATERLOO,IL,62298,618-939-3416
10361,WALMART,1040 COLLINSVILLE CROSSING,COLLINSVILLE,IL,62234,618-344-4480
104216,WALMART,2802 OUTER ROAD DRIVE,MARION,IL,62959,618-997-5618
104222,WALMART,1410 NORTH MARKET,SPARTA,IL,62286,618-443-5800
104252,WALMART,215 GRANT WAY,DUQUOIN,IL,62832,618-542-8438
1043022,WALMART,6495 COUNTRY CLUB ROAD,MURPHYSBORO,IL,62966,618-684-5041
10435,WALMART,12495 STATE RTE 143,HIGHLAND,IL,62249,618-654-4596
1608554,WALMART,3390 NORTH HIGHWAY 67,FLORISSANT,MO,63031,314-824-0023
1608566,WALMART,7437 WATSON RD,SHREWSBURY,MO,63119,314-687-1216
1608641,WALMART,HWY 150/2206 STATE S,CHESTER,IL,62233,618-826-5041
1608644,WALMART,45 SUTTERS MILL RD,ST. PETERS,MO,63376,636-851-6809
1608645,WALMART,3031 MID RIVERS MALL DR,ST. PETERS,MO,63376,636-697-1054
1608815,WALMART,1101 BELTLINE RD,COLLINSVILLE,IL,62234,618-381-7557
1609039,WALMART,100 OZARK DR ,CUBA,MO,65453,573-885-2501
235791,WALMART,1900 MAPELWOOD COMMONS,MAPLEWOOD,MO,63143,314-781-2165
31684,WALMART,2897 VETERANS MEMORIAL PKWY,ST CHARLES,MO,63303,636-947-8732
379999,WALMART,379 WEST PONTOON RD,GRANITE CITY,IL,62040,618-451-4201
63699,WALMART,201 HIGHLANDS BLVD DR,MANCHESTER,MO,63011,636-256-0697
100234,TARGET,2341 NORTH LINDBERGH,FLORISSANT,MO,63033,314-831-8000
100422,TARGET,4250 RUSTY ROAD,ST LOUIS,MO,63128,314-892-6336
1004255,TARGET,4255 HAMPTON AVE,ST LOUIS,MO,63109,314-481-9100
100699,TARGET,3849 VOGEL ROAD,ARNOLD,MO,63010,636-287-1055
10420,TARGET,1042 SOUTH KIRKWOOD,KIRKWOOD,MO,63122,314-822-4051
106241,TARGET,6241 MID-RIVERS MALL DRIVE,SAINT PETERS,MO,63304,636-939-9433
12723,TARGET,1272 TOWN & COUNTRY CROSSINGS,TOWN & COUNTRY,MO,63017,636-591-0234
15025,TARGET,15025 MANCHESTER ROAD,BALLWIN,MO,63011,636-391-7500
18383,TARGET,1883 WENTZVILLE PARKWAY,WENTZVILLE,MO,63385,636-639-7435
18571,TARGET,1851 VERNACI DRIVE,WASHINGTON,MO,63090,636-825-7700
197005,TARGET,197 GRAVOIS BLUFF PLAZA DR,FENTON,MO,63026,636-326-1479
222222,TARGET,300 HOMER M ADAMS PKWY,ALTON,IL,62002,618-465-4950
23004,TARGET,2300 HIGHWAY K,O'FALLON,MO,63366,636-379-2903
23501,TARGET,2350 TROY ROAD,EDWARDSVILLE,IL,62025,618-659-3200
250366,TARGET,25 BRENTWOOD PROMENADE,BRENTWOOD,MO,63144,314-918-9500
291066,TARGET,12275 ST CHARLES ROCK ROAD,BRIDGETON,MO,63044,314-291-0600
34000,TARGET,3400 GREEN N MOUNT CROSSING DR,SHILOH,IL,62269,618-628-3333
400000,TARGET,40 THF BLVD,CHESTERFIELD,MO,63005,636-536-6207
445566,TARGET,3000 DEYOUNG ST,MARION,IL,62959,618-997-8174
47012,TARGET,4701 NORTH ILLINOIS STREET,FAIRVIEW HEIGHTS,IL,62208,618-310-2074
560123,TARGET,5601 BELLEVILLE CROSSING,BELLEVILLE,IL,62223,618-310-1901
567444,TARGET,3881 MEXICO ROAD,ST CHARLES,MO,63303,636-922-0165
79555,TARGET,7955 HWY N,DARDENNE PRAIRIE,MO,63368,636-625-2820
1608663,COSTCO,301 HIGHLANDS BLVD DR,MANCHESTER,MO,63011,636-686-7432
1608894,COSTCO,200 COSTCO WAY,ST. PETERS,MO,63376,636-970-4004
420001,COSTCO,4200 RUSTY ROAD,St Louis,MO,63128,314-894-7966
102356,SAM'S CLUB,10248 BIG BEND BLVD,CRESTWOOD,MO,63122,314-965-7076
130550,SAM'S CLUB,196 THF Blvd,Chesterfield,MO,63005,636-728-0359
147832,SAM'S CLUB,10735 W FLORISSANT,FERGUSON,MO,63136,314-521-3800
159886,SAM'S CLUB,2100 MAPLEWOOD COM.moN DRIVE,MAPLEWOOD,MO,63143,314-644-7791
226547,SAM'S CLUB,1350 W HWY 50,O'FALLON,IL,62269,618-632-7878
5569866,SAM'S CLUB,4512 LEMAY FERRY ROAD,St Louis,MO,63129,314-892-5579
631314,SAM'S CLUB,13455 MANCHESTER ROAD,ST LOUIS,MO,63131,314-822-7200
631569,SAM'S CLUB,2855 SOUTH SERVICE ROAD,St Charles,MO,63303,636-946-7002
631636,SAM'S CLUB,2709 WALTON WAY,Marion,IL,62959,618-993-5568
6338555,SAM'S CLUB,3055 BEAR CREEK DR,WENTZVILLE,MO,63385,636-698-9774
66223344,SAM'S CLUB,5 ILLINI DR,GLEN CARBON,IL,62034,618-659-7336
10000421,SAVE A LOT,6840 PAGE,ST LOUIS,MO,63133,314-726-2184
1000404,SAVE A LOT,3427 S JEFFERSON,ST LOUIS,MO,63118,314-773-2210
1000405,SAVE A LOT,3160 TELEGRAPH RD,ST LOUIS,MO,63125,314-487-2656
1000407,SAVE A LOT,2980 HOMER ADAMS,ALTON,IL,62002,618-462-9950
1000408,SAVE A LOT,3102 WEST CLAY,ST CHARLES,MO,63301,636-947-6073
1000409,SAVE A LOT,12590 NEW HALLS FERRY,FLORISSANT,MO,63033,314-921-9495
1000411,SAVE A LOT,8960 RIVERVIEW BLVD,ST LOUIS,MO,63147,314-867-7326
1000412,SAVE A LOT,2600 STATE ST,EAST ST LOUIS,IL,62205,618-875-5370
1000413,SAVE A LOT,91 NORTH OAKS,ST LOUIS,MO,63121,314-383-8493
1000414,SAVE A LOT,715 PEARCE,WENTZVILLE,MO,63385,636-327-4000
1000416,SAVE A LOT,3645 PAGE,ST LOUIS,MO,63113,314-289-9056
1000417,SAVE A LOT,4515 W MAIN,BELLEVILLE,IL,62226,618-257-9838
1000419,SAVE A LOT,468 NORTH LINDBERGH BLVD,ST LOUIS,MO,63031,314-830-1086
1000420,SAVE A LOT,3254 NAMEOKI ROAD,GRANITE CITY,IL,62040,618-876-2675
1000422,SAVE A LOT,4447 NATURAL BRIDGE,ST LOUIS,MO,63115,314-382-3809
1000424,SAVE A LOT,1601 JEFFERSON AVE,ST LOUIS,MO,63104,314-776-3217
1000427,SAVE A LOT,9430 MIDLAND BLVD,OVERLAND,MO,63114,314-423-1080
1000864,SAVE A LOT,5437 SOUTHWEST AVE,ST LOUIS,MO,63139,314-781-4033
1608613,SAVE A LOT,1501 SOUTH FLORISSANT RD,COOL VALLEY,MO,63121,314-522-1058
1608759,SAVE A LOT,8000 ST. CHARLES ROCK RD,OVERLAND,MO,63114,314-423-1931
1608876,SAVE A LOT,4025 LAKEFRONT CT,EARTH CITY,MO,63045,314-346-2785
1609046,SAVE A LOT,1331 UNION BLVD,ST. LOUIS,MO,63113,314-454-5735
1608453,RULER FOODS,1703 NORTH BELT WEST,BELLEVILLLE,IL,62226,618-235-8501
1608475,RULER FOODS,3801 NAMEOKI RD,GRANITE CITY,IL,62040,618-451-8150
1608500,RULER FOODS,2675 NORTHTOWN WAY,HIGHLAND,IL,62249,618-651-0514
1608504,RULER FOODS,1984 VANDALIA ST,COLLINSVILLE,IL,62234,618-344-4412
1608526,RULER FOODS,11050 ST. CHARLES ROCK RD,ST. ANN,MO,63074,314-738-0151
1608545,RULER FOODS,2700 SOUTH GRAND ,ST. LOUIS,MO,63118,314-772-1410
1608565,RULER FOODS,5771 GODFREY RD,GODFREY,IL,62035,618-466-0402
1608725,RULER FOODS,2458 WEST CLAY,SAINT CHARLES,MO,63301,636-925-8553
1608726,RULER FOODS,10009 BELLEFONTAINE ,ST. LOUIS,MO,63137,314-869-7884
1608836,RULER FOODS,10850 LINCOLN TRAIL ,FAIRVIEW HEIGHTS ,IL,62208,618-398-3178
4000,KROGER,550 E INDUSTRIAL PARK,MURPHYSBORO,IL,62966,618-687-3481
4002,KROGER,456 E ST LOUIS ST,NASHVILLE,IL,62263,618-327-3413
4003,KROGER,1704 WEST DE YOUNG ST,MARION,IL,62959,618-993-6330
4010,KROGER,10 W FRANKFORT PLAZA,W FRANKFORT,IL,62896,618-937-4621
4011,KROGER,US HWY 45 NORTH,HARRISBURG,IL,62946,618-252-8677
4012,KROGER,1609 S PARK AVE,HERRIN,IL,62948,618-942-4954
4013,KROGER,501 N GIANT CITY RD,CARBONDALE,IL,62902,618-457-5313
4014,KROGER,604 EAST BOONESLICK RD,WARRENTON,MO,63383,636-456-2324
4015,KROGER,1 TROY SQUARE,TROY,MO,63379,636-528-8423
1608923,TRADER JOE'S,48 BRENTWOOD PROMENADE CT,ST. LOUIS,MO,63144,***-***-****
1608924,TRADER JOE'S,11505 OLIVE BLVD,CREVE COEUR,MO,63141,***-***-****
1608925,TRADER JOE'S,13343 MANCHESTER RD,DES PERES,MO,63131,***-***-****
1608926,TRADER JOE'S,1679 CLARKSON RD,CHESTERFIELD,MO,63017,***-***-****
1609021,STARBUCKS,10779 WATSON RD,SUNSET HILLS,MO,63127,314-791-5815
1609022,STARBUCKS,6680 EDWARDSVILLE CROSSING DR,EWARDSVILLE,IL ,62025,618-692-7817
1609023,STARBUCKS,797 EAGLES CT,SULLIVAN,MO ,63080,573-210-3153
1609024,STARBUCKS,1024 TOWN & COUNTRY CROSSING DR,TOWN & COUNTRY,MO,63017,636-591-0234
1609025,STARBUCKS,995 NORTHWEST PLAZA DR,ST. ANN,MO,63074,314-591-0050
1609026,STARBUCKS,9200 OLIVE BLVD STE 100,OLIVETTE,MO,63132,314-994-0090
1609027,STARBUCKS,8023 DALE AVE,RICHMOND HEIGHTS,MO,63117,314-647-2098
1609028,STARBUCKS,6187 MID RIVERS MALL DR,SAINT CHARLES,MO,63304,636-922-3408
1609029,STARBUCKS,6105 CENTER GROVE RD,EWARDSVILLE,IL ,62025,618-659-8690
1609030,STARBUCKS,2714 WALTON WAY,MARION,IL,62959,618-499-8477
1609031,STARBUCKS,2350 SOUTH GRAND AVE,SAINT LOUIS ,MO,63104,314-313-6819
1609032,STARBUCKS,1877 WENTZVILLE PKWY,WENTZVILLE,MO,63385,636-327-4158
1609033,STARBUCKS,1411 W HWY 50,O'FALLON,IL,62269,618-792-1577
1609034,STARBUCKS,13506 OLIVE BLVD,CREVE COEUR,MO,63141,314-791-9914
1609035,STARBUCKS,11538 PAGE SERVICE DR,MARYLAND HEIGHTS,MO,63146,314-591-1681
1609036,STARBUCKS,10776 W FLORISSANT AVE,FERGUSON,MO,63135,314-499-2747
1609037,STARBUCKS,1 S ORCHARD STE 1,WEBSTER GROVES ,MO ,63119,314-918-7765
1609067,STARBUCKS,1003 GANNON DR,FESTUS,MO,63028,636-222-8752
1609068,STARBUCKS,17293 CHESTERFIELD AIRPORT RD,CHESTERFIELD,MO,63005,636-536-6885
1609069,STARBUCKS,343 SOUTH KIRKWOOD,KIRKWOOD,MO,63122,314-821-2377
1609085,BIG LOTS,5881 SUEMANDY DRIVE,St. Peters,MO,63376,636-397-2280
1609086,BIG LOTS,1721 HOMER ADAMS PARKWAY,ALTON ,IL,62002,618-462-0174
1609087,BIG LOTS,1150 EAST MAIN STREET,CARBONDALE,IL,62901,618-457-2375
1609088,BIG LOTS,10850 LINCOLN TRAIL,FAIRVIEW HEIGHTS,IL,62208,618-293-6560
1609089,BIG LOTS,10415 ST. CHARLES ROCK ROAD,ST. ANN,MO,63074,314-429-6120
1609090,BIG LOTS,107 ELIZABETH CT,PARK HILLS,MO,63601,573-431-6818
1609091,BIG LOTS,8563 WATSON ROAD,WEBSTER GROVES ,MO ,63119,314-918-9403
1609093,BIG LOTS,1060 WASHINGTON SQ,WASHINGTON ,MO,63090,636-239-7307
1609094,BIG LOTS,4930 S. KINGSHIGHWAY BLVD,ST LOUIS,MO,63116,314-752-5824
1609095,BIG LOTS,691 GRAVOIS BOULEVARD,FENTON,MO,63026,636-326-7537
1609096,BIG LOTS,4433 LEMEY FERRY ROAD,ST LOUIS,MO,63129,314-845-8630
1608474,FRESH THYME,6569 NORTH ILLINOIS ST,FAIRVIEW HEIGHTS,IL,62208,618-230-7000
1608601,FRESH THYME,2235 HIGHWAY K,O'FALLON,MO,63368,636-385-7033
1608602,FRESH THYME,13957 MANCHESTER RD,TOWN & COUNTRY,MO,63011,314-858-7000
1608786,FRESH THYME,1018 NORTH KIRKWOOD,KIRKWOOD,MO,63122,314-626-6102
1608821,FRESH THYME,9920 LIN FERRY DR,SAINT LOUIS,MO,63123,314-270-0580
1608883,FRESH THYME,3600 SOUTH ST. PETERS PKWY,SAINT CHARLES,MO,63304,636-851-6971
1608988,GREENLEAF MARKET,1400 N 13TH ST,ST. LOUIS,MO,63106,314-449-1140
1500,FIELDS FOODS,1500 LAFAYETTE AVE,ST LOUIS,MO,63104,314-241-3276
1608995,FIELDS FOODS,1706 WASHINGTON AVE,ST LOUIS,MO,63103,314-944-2930
1609013,FIELDS FOODS,625 NORTH EUCLID AVE,ST. LOUIS,MO,63108,314-944-2940
